incident_number,response_datetime,initial_problem_category,sector,priority_level,response_time,late
20240000000,2024-01-01T00:00:00.000,Alpha,North,Priority 2,900,0
20240000001,2024-01-02T00:00:00.000,Beta,North,Priority 2,1500,1
20240000002,2024-01-03T00:00:00.000,Gamma,North,Priority 2,1500,1
20240000003,2024-01-04T00:00:00.000,Alpha,South,Priority 2,1500,1
20240000004,2024-01-05T00:00:00.000,Beta,South,Priority 2,900,0
20240000005,2024-01-06T00:00:00.000,Gamma,South,Priority 2,1500,1
20240000006,2024-01-07T00:00:00.000,Alpha,East,Priority 2,1500,1
20240000007,2024-01-08T00:00:00.000,Beta,East,Priority 2,1500,1
20240000008,2024-01-09T00:00:00.000,Gamma,East,Priority 2,900,0
20240000009,2024-01-10T00:00:00.000,Alpha,West,Priority 2,1500,1
20240000010,2024-01-11T00:00:00.000,Beta,West,Priority 2,1500,1
20240000011,2024-01-12T00:00:00.000,Gamma,West,Priority 2,1500,1
20240000012,2024-01-13T00:00:00.000,Alpha,North,Priority 2,900,0
20240000013,2024-01-14T00:00:00.000,Beta,North,Priority 2,1500,1
20240000014,2024-01-15T00:00:00.000,Gamma,North,Priority 2,1500,1
20240000015,2024-01-16T00:00:00.000,Alpha,South,Priority 2,1500,1
20240000016,2024-01-17T00:00:00.000,Beta,South,Priority 2,900,0
20240000017,2024-01-18T00:00:00.000,Gamma,South,Priority 2,1500,1
20240000018,2024-01-19T00:00:00.000,Alpha,East,Priority 2,1500,1
20240000019,2024-01-20T00:00:00.000,Beta,East,Priority 2,1500,1
20240000020,2024-01-21T00:00:00.000,Gamma,East,Priority 2,900,0
20240000021,2024-01-22T00:00:00.000,Alpha,West,Priority 2,1500,1
20240000022,2024-01-23T00:00:00.000,Beta,West,Priority 2,1500,1
20240000023,2024-01-24T00:00:00.000,Gamma,West,Priority 2,1500,1
20240000024,2024-01-25T00:00:00.000,Alpha,North,Priority 2,900,0
20240000025,2024-01-26T00:00:00.000,Beta,North,Priority 2,1500,1
20240000026,2024-01-27T00:00:00.000,Gamma,North,Priority 2,1500,1
20240000027,2024-01-28T00:00:00.000,Alpha,South,Priority 2,1500,1
20240000028,2024-01-29T00:00:00.000,Beta,South,Priority 2,900,0
20240000029,2024-01-30T00:00:00.000,Gamma,South,Priority 2,1500,1
20240000030,2024-01-31T00:00:00.000,Alpha,East,Priority 2,1500,1
20240000031,2024-02-01T00:00:00.000,Beta,East,Priority 2,1500,1
20240000032,2024-02-02T00:00:00.000,Gamma,East,Priority 2,900,0
20240000033,2024-02-03T00:00:00.000,Alpha,West,Priority 2,1500,1
20240000034,2024-02-04T00:00:00.000,Beta,West,Priority 2,1500,1
20240000035,2024-02-05T00:00:00.000,Gamma,West,Priority 2,1500,1
20240000036,2024-02-06T00:00:00.000,Alpha,North,Priority 2,900,0
20240000037,2024-02-07T00:00:00.000,Beta,North,Priority 2,1500,1
20240000038,2024-02-08T00:00:00.000,Gamma,North,Priority 2,1500,1
20240000039,2024-02-09T00:00:00.000,Alpha,South,Priority 2,1500,1
